{"initial_reset_timestamp": 1603414029.155592, "timestamps": [1603414139.487592], "episode_lengths": [99], "episode_rewards": [-34.32041858391861], "episode_types": ["t"]}