{"loss": [854.1822804537686], "mae": [46.625601811842486], "mean_q": [-14.021742784164168], "mean_eps": [0.995095], "episode_reward": [-2399.6027432630863], "nb_episode_steps": [99], "nb_steps": [99], "episode": [0], "duration": [397.793802031]}