{"loss": [51440.81805974787, 79327.7282394255, 36425.994456281565, 15199.75435507418, 8897.883463541666, 7442.247018525095, 7838.51218237058, 6969.052677655461, 8376.200306285511, 7031.454469006471, 7243.668812144886, 6872.428376785432, 7382.763797644413, 6686.044386738478, 7435.832746409406, 7623.348884351326, 8180.483502012311, 8041.959980666035, 8493.534448488794, 8033.986429233743, 7494.408348622948, 7631.047143801295, 7149.571478949652, 7537.070021504103, 6876.027730922507, 6974.233245541351, 7799.718288845486, 6993.235825047348, 7550.478537819602, 7043.71178582702, 7523.496949475221, 7176.493107342961, 5988.516465928819, 7467.531523733428, 6847.321570194129, 6255.971038510101, 7613.717613143151, 7070.52265329072, 8273.719752456203, 8463.31862324416, 6766.763506648516, 7920.89303434738, 7953.507893880208, 8420.776655717329, 8166.131747159091, 7095.05507960464, 8358.222996567234, 8036.232320766257, 8189.694745304609, 8882.723906545929, 7874.030542238795, 7555.204604640152, 8324.32678839173, 8076.243156664299, 8292.591407236427, 7595.032601404671, 7689.600228357796, 8479.810800879894, 8790.974675958807, 7456.655258641098, 7752.239151771622, 7807.283240116004, 7767.456136067708, 7476.969581064552, 7541.115939670139, 7859.237617877999, 8801.430005622633, 7842.146178582702, 8984.00942037563, 7786.18258512863, 7441.753302063605, 8286.739381115845, 7646.800302833018, 8426.46104107481, 7797.139263731061, 7836.60526899858, 8487.435421105587, 8718.534665502682, 8366.042665423769, 8326.360284978693, 8769.554539535984, 6829.2912930575285, 9003.471080433239, 8261.484668461964, 8024.276532413984, 7708.952293935448, 8342.644676747948, 7800.32294625947, 8200.026608862057, 8255.414425011837, 8801.561488912563, 8343.098709260574, 8417.071079446812, 8223.650227864584, 9107.39173719618, 8894.973090277777, 9119.93083915325, 8959.813572739109, 9505.692841500946, 8749.759883996212, 9224.281407828283], "mae": [419.3633998524059, 343.06561063516017, 329.3777655399207, 308.73693354442867, 306.312756779218, 294.32805086386327, 301.7095044068616, 313.7472819318675, 314.141582142223, 312.3320824208886, 313.30939183090675, 310.8738258438881, 307.1536900684087, 308.3054307109178, 316.3217728740037, 303.4001517247672, 302.10251116511796, 299.94497141211923, 309.25329435714565, 326.6031099569918, 328.62470283893623, 327.5382115527837, 327.9404253718829, 327.7157771563289, 317.70480547047623, 317.59028825856217, 311.15995403251264, 310.5233117305871, 321.9197591145833, 314.7841631956775, 312.8716410627269, 321.9254244409426, 313.5972897308041, 310.2857000177557, 323.2586441810685, 316.5446049854009, 319.9531920461944, 317.4950600055733, 326.3714160341205, 322.345244436553, 317.02539478648794, 324.85981380578244, 318.8112512453638, 325.52096465139675, 333.23084420868844, 334.45525660659325, 344.60821995590675, 338.34512760663273, 342.04568974658696, 338.21638195924083, 337.60163247464885, 331.0664847017539, 329.1166224624171, 338.6066595520636, 345.52259071427164, 343.0194458624329, 340.6000158136541, 345.33912412084715, 339.1768472074258, 338.8512280396741, 337.42323734784367, 344.6441588738952, 341.2745615641276, 344.1605671584004, 338.2317902536103, 347.2876327977036, 343.58708591653846, 333.80475470032354, 344.4935620240491, 338.62152793190694, 340.2368247292259, 341.25250953134866, 336.6501950350675, 343.96762732303506, 342.6155487985322, 341.6459011501736, 339.6857250483349, 340.1972286339962, 344.9509348243174, 348.7017760613952, 343.2061980276397, 340.760589291351, 335.7219515713778, 343.7297477336845, 339.0222232703007, 339.6587808011758, 339.922776347459, 338.14009587451665, 342.8622712414674, 339.0067249644886, 342.90159591520677, 343.8985040838068, 336.73264721186473, 340.4992456917811, 347.9051242404514, 349.034123892736, 349.8227347942314, 354.372490160393, 354.69777455956046, 353.5223300818241, 350.05479970604483], "mean_q": [564.1020866740834, 329.25545324460427, 368.1203234123461, 339.04709740841025, 299.3859898730962, 267.3165161441071, 234.47872932511146, 296.42739498254025, 299.0199502501825, 307.9711243600556, 286.080475161774, 249.21019872029623, 247.77264018973918, 223.93063917063702, 230.4960525878752, 236.98760269627428, 221.10055206761217, 214.8550251662129, 200.90086306947651, 192.53290777495414, 213.0795164975253, 211.55990830816404, 229.48828186651673, 245.05961655125475, 234.66436301337347, 238.89857889425875, 233.01183935608526, 245.0761041352243, 226.4207764827844, 246.14198921666002, 253.58913541080975, 240.0812750922309, 252.34833025691486, 241.6598743477253, 258.29912274293224, 253.30389731821387, 251.18386632745916, 262.23872922646876, 285.59654243546305, 278.0317977751144, 273.871615400218, 282.9034810692373, 253.00989686599885, 270.771367583612, 258.8605630277383, 270.2659715594667, 272.6925032259238, 278.10133739432905, 303.5208487462516, 290.8076557197956, 297.4881822990649, 292.6633009477095, 311.8218470872051, 308.34808788877547, 305.9939306239889, 317.8635277988935, 287.10318948764996, 291.9026430688723, 298.88607217807964, 295.7852650652028, 305.1360561486446, 312.5358897507793, 305.5556804772579, 313.177773215554, 316.76713885683, 308.4932026718602, 298.9313975632793, 305.9444623234296, 309.23219734731344, 309.4311590483694, 317.4430230651239, 311.0563104802912, 304.46488112632676, 333.9181751289753, 327.60659439395175, 320.49754094595863, 320.73751584447996, 331.3043888361767, 329.9846929685034, 336.0067755959251, 334.38797081841363, 345.50960949213817, 336.02270554051256, 350.2288699679905, 343.86224473124804, 342.9588342531763, 346.5054120921125, 355.66421709157, 362.08197984791764, 342.45236337064495, 346.7372667717211, 362.702511719983, 353.5512211346867, 355.67346684619633, 354.48104904637194, 362.3218170320145, 355.1429575910472, 365.05941171357125, 367.19953980108704, 359.9322441948785, 362.20448734784367], "mean_eps": [0.995095, 0.9866800000000007, 0.9777700000000005, 0.9688600000000003, 0.9599500000000001, 0.9510399999999999, 0.9421299999999999, 0.9332199999999999, 0.92431, 0.9153999999999999, 0.9064899999999998, 0.8975799999999997, 0.8886699999999998, 0.8797599999999998, 0.8708499999999998, 0.8619399999999998, 0.8530299999999998, 0.8441199999999998, 0.8352099999999996, 0.8262999999999995, 0.8173899999999996, 0.8084799999999996, 0.7995699999999994, 0.7906599999999997, 0.7817499999999995, 0.7728399999999996, 0.7639299999999994, 0.7550199999999994, 0.7461099999999992, 0.7371999999999993, 0.7282899999999992, 0.7193799999999991, 0.7104699999999994, 0.7015599999999995, 0.6926499999999994, 0.6837399999999997, 0.6748299999999999, 0.66592, 0.6570100000000001, 0.6481, 0.6391899999999999, 0.63028, 0.62137, 0.6124599999999999, 0.60355, 0.5946400000000001, 0.58573, 0.5768200000000001, 0.5679100000000001, 0.5590000000000003, 0.5500900000000001, 0.5411799999999999, 0.5322699999999999, 0.5233599999999997, 0.5144499999999995, 0.5055399999999997, 0.49662999999999974, 0.48771999999999976, 0.47880999999999974, 0.4698999999999999, 0.4609899999999998, 0.45207999999999987, 0.44316999999999984, 0.43425999999999987, 0.42535, 0.41644, 0.4075300000000002, 0.3986200000000003, 0.3897100000000004, 0.38080000000000036, 0.3718900000000002, 0.36298, 0.35406999999999994, 0.34515999999999997, 0.33624999999999994, 0.32733999999999996, 0.31843, 0.30952, 0.30061, 0.2917, 0.28278999999999993, 0.27387999999999985, 0.2649699999999999, 0.2560599999999999, 0.24714999999999987, 0.23823999999999992, 0.22933000000000003, 0.22041999999999995, 0.21150999999999995, 0.20259999999999995, 0.19368999999999992, 0.18478000000000006, 0.17586999999999992, 0.16695999999999991, 0.15804999999999994, 0.1491399999999999, 0.1402299999999999, 0.1313199999999999, 0.12240999999999991, 0.11349999999999993, 0.1045899999999999],